fnd_tp,srtn_cd,fnd_nm
재간접,D4028,우리다같이적격TDF2040증권투자신탁(혼합-재간접형)ClassA-e
재간접,CW044,타임폴리오위드타임증권자투자신탁(사모투자재간접형)종류C-e
재간접,CW035,타임폴리오위드타임증권자투자신탁(사모투자재간접형)종류A-e
재간접,EU759,DB프리즘 GROWTH EMP증권투자신탁[혼합-재간접형]종류A-E
재간접,EU762,DB프리즘 GROWTH EMP증권투자신탁[혼합-재간접형]종류C-E
혼합자산,BW210,미래에셋헤지펀드셀렉션혼합자산자투자신탁(사모투자재간접형) 종류C-e
재간접,EA533,DB자동으로변하는적격TDF2030증권투자신탁[혼합-재간접형]종류A-E
혼합자산,E2218,미래에셋IPO공모주셀렉션혼합자산투자신탁(사모투자재간접형) 종류C-e
혼합자산,E2211,미래에셋IPO공모주셀렉션혼합자산투자신탁(사모투자재간접형) 종류A-e
재간접,DT073,신한디딤TRF성장형OCIO증권투자신탁[혼합-재간접형](종류C-e)
재간접,DT070,신한디딤TRF성장형OCIO증권투자신탁[혼합-재간접형](종류A-e)
재간접,DT197,신한TRF안정형OCIO솔루션증권투자신탁[혼합-재간접형](종류C-e)
재간접,DT194,신한TRF안정형OCIO솔루션증권투자신탁[혼합-재간접형](종류A-e)
혼합자산,D5127,미래에셋전략배분적격TDF2050혼합자산자투자신탁종류C-e
혼합자산,CK798,미래에셋AI글로벌모멘텀혼합자산자투자신탁(재간접형)종류A-e
혼합자산,CK801,미래에셋AI글로벌모멘텀혼합자산자투자신탁(재간접형)종류C-e
재간접,E9879,키움글로벌반도체Smart Investor분할매수증권투자신탁[혼합-재간접형] Class A-e
재간접,DT229,유진디딤플레인바닐라OCIO증권자투자신탁(혼합-재간접형) Class A-E
재간접,E1516,키움나스닥100ETF SmartInvestor분할매수증권투자신탁[혼합-재간접형] Class A-e
재간접,ET281,키움코스닥150ETF Smart Investor분할매수증권투자신탁[혼합-재간접형] Class A-e
재간접,ET176,키움K-반도체ETF Smart Investor분할매수증권투자신탁[혼합-재간접형] Class A-e
재간접,DS097,NH-Amundi 올바른지구 OCIO 자산배분 증권자투자신탁[혼합-재간접형] Class Ce
혼합자산,DR801,미래에셋자산관리TIF혼합자산자투자신탁 종류C-e
혼합자산,DR798,미래에셋자산관리TIF혼합자산자투자신탁 종류A-e
혼합자산,BM795,미래에셋전략배분적격TDF2025혼합자산자투자신탁종류C-e
혼합자산,BM759,미래에셋전략배분적격TDF2035혼합자산자투자신탁종류C-e
혼합자산,BM756,미래에셋전략배분적격TDF2035혼합자산자투자신탁종류A-e
혼합자산,BM751,미래에셋전략배분적격TDF2045혼합자산자투자신탁종류C-e
혼합자산,BM790,미래에셋전략배분적격TDF2025혼합자산자투자신탁종류A-e
혼합자산,BM769,미래에셋전략배분적격TDF2030혼합자산자투자신탁종류C-e
혼합자산,BM741,미래에셋전략배분적격TDF2040혼합자산자투자신탁종류C-e
혼합자산,BM767,미래에셋전략배분적격TDF2030혼합자산자투자신탁종류A-e
혼합자산,BM749,미래에셋전략배분적격TDF2045혼합자산자투자신탁종류A-e
혼합자산,BM739,미래에셋전략배분적격TDF2040혼합자산자투자신탁종류A-e
재간접,E3789,미래에셋우리아이ETF로자산배분2035년만기증권자투자신탁(혼합-재간접형)종류C-e
재간접,E3781,미래에셋우리아이ETF로자산배분2035년만기증권자투자신탁(혼합-재간접형)종류A-e
혼합자산,EB270,미래에셋전략배분적격TDF2055혼합자산자투자신탁종류A-e
재간접,D4061,우리다같이적격TDF2035증권투자신탁(혼합-재간접형)ClassA-e
재간접,D4077,우리다같이적격TDF2030증권투자신탁(혼합-재간접형)ClassA-e
재간접,D4094,우리다같이적격TDF2025증권투자신탁(혼합-재간접형)ClassA-e
재간접,D4008,우리다같이적격TDF2045증권투자신탁(혼합-재간접형)ClassA-e
재간접,D3974,우리다같이적격TDF2050증권투자신탁(혼합-재간접형)ClassA-e
혼합자산,D5117,미래에셋전략배분적격TDF2050혼합자산자투자신탁종류A-e
재간접,DO421,BNK든든한적격TDF2035증권투자신탁(혼합-재간접형) Class A-e
재간접,EB296,미래에셋ETF로자산배분적격TDF2055증권자투자신탁(혼합-재간접형)종류C-e
혼합자산,EB274,미래에셋전략배분적격TDF2055혼합자산자투자신탁종류C-e
혼합자산,EH885,신한평생소득TIF월배당혼합자산자투자신탁[재간접형](종류A-e)
혼합자산,EH888,신한평생소득TIF월배당혼합자산자투자신탁[재간접형](종류C-e)
재간접,EB294,미래에셋ETF로자산배분적격TDF2055증권자투자신탁(혼합-재간접형)종류A-e
재간접,EJ604,DB프리즘EMP증권투자신탁[혼합-재간접형]종류A-E
재간접,EJ607,DB프리즘EMP증권투자신탁[혼합-재간접형]종류C-E
혼합자산,CD168,하나PIMCO글로벌인컴혼합자산자투자신탁(UH)[재간접형]ClassA-E
재간접,ET831,유진더블유스마트픽증권투자신탁(사모투자재간접형) Class A-E
혼합자산,CY786,신한평생소득TIF혼합자산자투자신탁[재간접형](종류C-e)
재간접,EO686,키움키워드림다이나믹TDF2050증권자투자신탁제1호(UH)[혼합-재간접형] Class A-e
재간접,DX309,DBOCIO자산배분안정형증권투자신탁[혼합-재간접형]종류C-E
혼합자산,ED854,유진챔피언초단기채혼합자산투자신탁 Class A-E
재간접,E3047,NH-Amundi Signature OCIO 성장형 증권자투자신탁(H)[혼합-재간접형] Class Ce
재간접,DE938,현대글로벌EMP증권자투자신탁1호(H)[혼합-재간접형]종류A-e
재간접,DE940,현대글로벌EMP증권자투자신탁1호(H)[혼합-재간접형]종류C-e
재간접,C1459,NH-Amundi 올원더풀 N2 글로벌자산배분 EMP 증권투자신탁[혼합-재간접형] Class Ce
혼합자산,C1329,하나PIMCO글로벌인컴혼합자산자투자신탁(H)[재간접형]ClassA-E
재간접,DZ704,키움New스마트인베스터분할매수증권투자신탁제1호[혼합-재간접형] Class A-e
재간접,DE184,하나월지급PIMCO글로벌인컴혼합자산자투자신탁[재간접형](H)ClassA-E
재간접,EH376,DB골든시니어인컴TIF증권자투자신탁[혼합-재간접형]종류A-E
혼합자산,EE402,신한미국고수익인컴월배당혼합자산자투자신탁(UH)(종류A-e)
혼합자산,EE384,신한미국고수익인컴월배당혼합자산자투자신탁(H)(종류A-e)
재간접,CY326,키움불리오글로벌멀티에셋EMP증권자투자신탁(UH)[혼합-재간접형] Class A-e
재간접,CY310,키움불리오글로벌멀티에셋EMP증권자투자신탁(H)[혼합-재간접형] Class A-e
재간접,D0954,NH-Amundi 글로벌 대체투자 인컴 EMP 증권자투자신탁(H)[혼합-재간접형] Class Ce
재간접,D0970,NH-Amundi 글로벌 대체투자 인컴 EMP 증권자투자신탁(UH)[혼합-재간접형] Class Ce
혼합자산,CV195,유진챔피언글로벌월배당ETF혼합자산자투자신탁(UH)[재간접형]Class A-E
혼합자산,CV188,유진챔피언글로벌월배당ETF혼합자산자투자신탁(H)[재간접형]Class A-E
혼합자산,BW207,미래에셋헤지펀드셀렉션혼합자산자투자신탁(사모투자재간접형) 종류A-e
혼합자산,CV418,하나레그메이슨아시안본드혼합자산자투자신탁[재간접형]ClassA-E
재간접,EE364,DB인모스트글로벌주도업종EMP증권자투자신탁[혼합-재간접형]종류C-E
재간접,DA108,현대글로벌EMP증권자투자신탁1호(UH)[혼합-재간접형]종류A-e
재간접,DA110,현대글로벌EMP증권자투자신탁1호(UH)[혼합-재간접형]종류C-e
재간접,E4229,DBOCIO자산배분성장형증권투자신탁[혼합-재간접형]종류A-E
재간접,E4211,DB디딤OCIO자산배분중립형증권투자신탁[혼합-재간접형]종류A-E
재간접,D7779,미래에셋글로벌알파솔루션증권자투자신탁(혼합-재간접형) 종류C-e
재간접,EH398,DB골든시니어인컴TIF월지급식증권자투자신탁[혼합-재간접형]종류C-E
재간접,EH395,DB골든시니어인컴TIF월지급식증권자투자신탁[혼합-재간접형]종류A-E
혼합자산,CB262,미래에셋전략배분TDF솔루션혼합자산자투자신탁 종류A-e
혼합자산,CB265,미래에셋전략배분TDF솔루션혼합자산자투자신탁 종류C-e
혼합자산,CA954,하나매크로오퍼튜니티혼합자산자투자신탁[재간접형]ClassA-E
재간접,E3718,미래에셋글로벌자산배분밸런스형증권투자신탁(혼합-재간접형)(UH) 종류A-e
재간접,E3851,미래에셋글로벌자산배분밸런스형증권투자신탁(혼합-재간접형)(H) 종류A-e
재간접,E3721,미래에셋글로벌자산배분밸런스형증권투자신탁(혼합-재간접형)(UH) 종류C-e
재간접,E3854,미래에셋글로벌자산배분밸런스형증권투자신탁(혼합-재간접형)(H) 종류C-e
혼합자산,CR972,NH-Amundi 액티브 헤지펀드 크리에이터 혼합자산투자신탁[사모투자재간접형] Class Ce
혼합자산,D6473,NH-Amundi 뉴패러다임 자산배분 EMP 혼합자산투자신탁[재간접형] Class Ce
재간접,DQ829,신한그린플레이션플러스EMP증권투자신탁(H)[혼합-재간접형](종류A-e)
재간접,DQ832,신한그린플레이션플러스EMP증권투자신탁(H)[혼합-재간접형](종류C-e)
재간접,DY297,키움나스닥100SmartInvestor목표전환증권투자신탁제2호[혼합-재간접형] Class A-e
재간접,E4232,DBOCIO자산배분성장형증권투자신탁[혼합-재간접형]종류C-E
재간접,E4214,DBOCIO자산배분중립형증권투자신탁[혼합-재간접형]종류C-E
재간접,E3117,NH-Amundi Signature OCIO 안정형 증권자투자신탁(UH)[혼합-재간접형] Class Ce
재간접,E3104,NH-Amundi Signature OCIO 안정형 증권자투자신탁(H)[혼합-재간접형] Class Ce
재간접,E3089,NH-Amundi Signature OCIO 혼합형 증권자투자신탁(UH)[혼합-재간접형] Class Ce
재간접,E3076,NH-Amundi Signature OCIO 혼합형 증권자투자신탁(H)[혼합-재간접형] Class Ce
재간접,E3062,NH-Amundi Signature OCIO 성장형 증권자투자신탁(UH)[혼합-재간접형] Class Ce
재간접,E3131,NH-Amundi Signature OCIO 인컴형 증권자투자신탁(H)[혼합-재간접형] Class Ce
재간접,E3144,NH-Amundi Signature OCIO 인컴형 증권자투자신탁(UH)[혼합-재간접형] Class Ce
재간접,E6934,우리미국채목표전환형증권투자신탁[단기자금-재간접형]Class A-e
재간접,E8206,우리미국채목표전환형증권투자신탁2호[단기자금-재간접형]Class A-e
혼합자산,BU517,미래에셋평생소득안정혼합자산자투자신탁 종류A-e
혼합자산,BU516,미래에셋평생소득안정혼합자산자투자신탁(분배형) 종류A-e
재간접,DI458,키움마켓시그널미국대표지수증권투자신탁(H)[혼합-재간접형] Class A-e
재간접,D3358,BNK썸글로벌EMP증권투자신탁1호(혼합-재간접형) Class A-e
혼합자산,CA338,신한BNPP베스트헤지펀드혼합자산투자신탁[사모투자재간접형](종류C-e)
혼합자산,CA335,신한BNPP베스트헤지펀드혼합자산투자신탁[사모투자재간접형](종류A-e)
